Workbook

Sheet Инструкция
A1: Как пользоваться таблицей
A3: 1. Заполните лист «Настройки».
A4: 2. Проверьте нормативы на листе «Справочник_Статей» (итог должен быть 500 руб/м3).
A5: 3. Копируйте данные по распиловке на лист «Распиловка» (столбцы A, C, D, E, F, M).
A6: 4. Копируйте расходы на лист «Расходы» (столбцы A, C, D, E, F, G, H, I).
A7: 5. Меняйте период в «Настройки!B9» — все своды пересчитаются.
A8: 6. Смотрите итоги на листах «ПланФакт_Расходы», «Свод_Мастер», «Свод_Период».
A9: 7. Складской учёт заполняйте по актам: приход пиломатериала — на лист «Приход_Пиломатериала», списание сырья (брёвен) — на лист «Списание_Сырья», отгрузку готовой продукции — на лист «Отгрузка_ГП», результаты инвентаризации (опись остатков) — на лист «Остатки_ГП».
A10: 8. Лист «Баланс_Склад» считается автоматически: сверху — баланс склада готовой продукции по видам (Приход − Отгрузка − Остаток по описи = К списанию/излишек), снизу — баланс сырья и % выхода пиломатериала по датам. Строки с расхождением, отличным от нуля, — это места, где нужно составить акт на списание (недостача) или оприходование (излишек).

Sheet Настройки
A1: Параметр | B1: Значение | C1: Ед.
A2: Ставка заказчика | B2: 1500 | C2: руб/м3
A3: Ставка бригады | B3: 500 | C3: руб/м3
A4: Валовая ставка мастера | B4: =B2-B3 | C4: руб/м3
A5: План расходов мастера | B5: 500 | C5: руб/м3
A6: План зарплаты мастера | B6: =B4-B5 | C6: руб/м3
A7: Резерв | B7: 0 | C7: руб/м3
A8: Валюта | B8: руб
A9: Период по умолчанию | B9: 09.2025 | C9: ММ.ГГГГ

Sheet Справочник_Статей
A1: Статья | B1: Тип | C1: План_руб/м3 | D1: Порядок
A2: Камаз соляра | B2: Переменная | C2: 100 | D2: 1
A3: Ленты | B3: Переменная | C3: 120 | D3: 2
A4: Перчатки | B4: Переменная | C4: 10 | D4: 3
A5: Грузовик соляра | B5: Переменная | C5: 50 | D5: 4
A6: Бензин на пилу | B6: Переменная | C6: 10 | D6: 5
A7: Подшипник на раму | B7: Постоянная | C7: 20 | D7: 6
A8: Сторожи Ирина | B8: Постоянная | C8: 60 | D8: 7
A9: Соляра | B9: Переменная | C9: 50 | D9: 8
A10: Заточка пил | B10: Переменная | C10: 80 | D10: 9
A11: Итого | C11: =SUM(C2:C10)

Sheet Распиловка
A1: Дата | B1: Период | C1: Объект | D1: Мастер | E1: Бригада | F1: Объем_м3 | G1: Ставка_заказчика | H1: Начислено_всего | I1: Бригаде | J1: Мастеру_валовая | K1: План_расходов | L1: План_зарплаты | M1: Примечание
A2: 45901 | B2: =IF(A2="","",TEXT(A2,"MM.YYYY")) | C2: Объект 1 | D2: Мастер 1 | E2: Бригада 1 | F2: 61.206 | G2: =Настройки!$B$2 | H2: =IF(F2="","",F2*G2) | I2: =IF(F2="","",F2*Настройки!$B$3) | J2: =IF(F2="","",F2*Настройки!$B$4) | K2: =IF(F2="","",F2*Настройки!$B$5) | L2: =IF(F2="","",F2*Настройки!$B$6)
B3: =IF(A3="","",TEXT(A3,"MM.YYYY")) | G3: =Настройки!$B$2 | H3: =IF(F3="","",F3*G3) | I3: =IF(F3="","",F3*Настройки!$B$3) | J3: =IF(F3="","",F3*Настройки!$B$4) | K3: =IF(F3="","",F3*Настройки!$B$5) | L3: =IF(F3="","",F3*Настройки!$B$6)
B4: =IF(A4="","",TEXT(A4,"MM.YYYY")) | G4: =Настройки!$B$2 | H4: =IF(F4="","",F4*G4) | I4: =IF(F4="","",F4*Настройки!$B$3) | J4: =IF(F4="","",F4*Настройки!$B$4) | K4: =IF(F4="","",F4*Настройки!$B$5) | L4: =IF(F4="","",F4*Настройки!$B$6)
B5: =IF(A5="","",TEXT(A5,"MM.YYYY")) | G5: =Настройки!$B$2 | H5: =IF(F5="","",F5*G5) | I5: =IF(F5="","",F5*Настройки!$B$3) | J5: =IF(F5="","",F5*Настройки!$B$4) | K5: =IF(F5="","",F5*Настройки!$B$5) | L5: =IF(F5="","",F5*Настройки!$B$6)
B6: =IF(A6="","",TEXT(A6,"MM.YYYY")) | G6: =Настройки!$B$2 | H6: =IF(F6="","",F6*G6) | I6: =IF(F6="","",F6*Настройки!$B$3) | J6: =IF(F6="","",F6*Настройки!$B$4) | K6: =IF(F6="","",F6*Настройки!$B$5) | L6: =IF(F6="","",F6*Настройки!$B$6)
B7: =IF(A7="","",TEXT(A7,"MM.YYYY")) | G7: =Настройки!$B$2 | H7: =IF(F7="","",F7*G7) | I7: =IF(F7="","",F7*Настройки!$B$3) | J7: =IF(F7="","",F7*Настройки!$B$4) | K7: =IF(F7="","",F7*Настройки!$B$5) | L7: =IF(F7="","",F7*Настройки!$B$6)
B8: =IF(A8="","",TEXT(A8,"MM.YYYY")) | G8: =Настройки!$B$2 | H8: =IF(F8="","",F8*G8) | I8: =IF(F8="","",F8*Настройки!$B$3) | J8: =IF(F8="","",F8*Настройки!$B$4) | K8: =IF(F8="","",F8*Настройки!$B$5) | L8: =IF(F8="","",F8*Настройки!$B$6)
B9: =IF(A9="","",TEXT(A9,"MM.YYYY")) | G9: =Настройки!$B$2 | H9: =IF(F9="","",F9*G9) | I9: =IF(F9="","",F9*Настройки!$B$3) | J9: =IF(F9="","",F9*Настройки!$B$4) | K9: =IF(F9="","",F9*Настройки!$B$5) | L9: =IF(F9="","",F9*Настройки!$B$6)
B10: =IF(A10="","",TEXT(A10,"MM.YYYY")) | G10: =Настройки!$B$2 | H10: =IF(F10="","",F10*G10) | I10: =IF(F10="","",F10*Настройки!$B$3) | J10: =IF(F10="","",F10*Настройки!$B$4) | K10: =IF(F10="","",F10*Настройки!$B$5) | L10: =IF(F10="","",F10*Настройки!$B$6)
B11: =IF(A11="","",TEXT(A11,"MM.YYYY")) | G11: =Настройки!$B$2 | H11: =IF(F11="","",F11*G11) | I11: =IF(F11="","",F11*Настройки!$B$3) | J11: =IF(F11="","",F11*Настройки!$B$4) | K11: =IF(F11="","",F11*Настройки!$B$5) | L11: =IF(F11="","",F11*Настройки!$B$6)
B12: =IF(A12="","",TEXT(A12,"MM.YYYY")) | G12: =Настройки!$B$2 | H12: =IF(F12="","",F12*G12) | I12: =IF(F12="","",F12*Настройки!$B$3) | J12: =IF(F12="","",F12*Настройки!$B$4) | K12: =IF(F12="","",F12*Настройки!$B$5) | L12: =IF(F12="","",F12*Настройки!$B$6)
B13: =IF(A13="","",TEXT(A13,"MM.YYYY")) | G13: =Настройки!$B$2 | H13: =IF(F13="","",F13*G13) | I13: =IF(F13="","",F13*Настройки!$B$3) | J13: =IF(F13="","",F13*Настройки!$B$4) | K13: =IF(F13="","",F13*Настройки!$B$5) | L13: =IF(F13="","",F13*Настройки!$B$6)
B14: =IF(A14="","",TEXT(A14,"MM.YYYY")) | G14: =Настройки!$B$2 | H14: =IF(F14="","",F14*G14) | I14: =IF(F14="","",F14*Настройки!$B$3) | J14: =IF(F14="","",F14*Настройки!$B$4) | K14: =IF(F14="","",F14*Настройки!$B$5) | L14: =IF(F14="","",F14*Настройки!$B$6)
... B10000: =IF(A10000="","",TEXT(A10000,"MM.YYYY")) | G10000: =Настройки!$B$2 | H10000: =IF(F10000="","",F10000*G10000) | I10000: =IF(F10000="","",F10000*Настройки!$B$3) | J10000: =IF(F10000="","",F10000*Настройки!$B$4) | K10000: =IF(F10000="","",F10000*Настройки!$B$5) | L10000: =IF(F10000="","",F10000*Настройки!$B$6)

Sheet Расходы
A1: Дата | B1: Период | C1: Объект | D1: Мастер | E1: Бригада | F1: Статья | G1: Сумма | H1: Комментарий | I1: Чек
A2: 45905 | B2: =IF(A2="","",TEXT(A2,"MM.YYYY")) | C2: Объект 1 | D2: Мастер 1 | E2: Бригада 1 | F2: Камаз соляра | G2: 10600
A3: 45905 | B3: =IF(A3="","",TEXT(A3,"MM.YYYY")) | C3: Объект 1 | D3: Мастер 1 | E3: Бригада 1 | F3: Ленты | G3: 7300
A4: 45905 | B4: =IF(A4="","",TEXT(A4,"MM.YYYY")) | C4: Объект 1 | D4: Мастер 1 | E4: Бригада 1 | F4: Грузовик соляра | G4: 3050
A5: 45905 | B5: =IF(A5="","",TEXT(A5,"MM.YYYY")) | C5: Объект 1 | D5: Мастер 1 | E5: Бригада 1 | F5: Сторожи Ирина | G5: 4000
B6: =IF(A6="","",TEXT(A6,"MM.YYYY"))
B7: =IF(A7="","",TEXT(A7,"MM.YYYY"))
B8: =IF(A8="","",TEXT(A8,"MM.YYYY"))
B9: =IF(A9="","",TEXT(A9,"MM.YYYY"))
B10: =IF(A10="","",TEXT(A10,"MM.YYYY"))
B11: =IF(A11="","",TEXT(A11,"MM.YYYY"))
B12: =IF(A12="","",TEXT(A12,"MM.YYYY"))
B13: =IF(A13="","",TEXT(A13,"MM.YYYY"))
B14: =IF(A14="","",TEXT(A14,"MM.YYYY"))
B15: =IF(A15="","",TEXT(A15,"MM.YYYY"))
B16: =IF(A16="","",TEXT(A16,"MM.YYYY"))
B17: =IF(A17="","",TEXT(A17,"MM.YYYY"))
... B10000: =IF(A10000="","",TEXT(A10000,"MM.YYYY"))

Sheet ПланФакт_Расходы
A1: Период | B1: =Настройки!$B$9
A2: Объем, м3 | B2: =SUMIF(Распиловка!$B:$B,$B$1,Распиловка!$F:$F)
A3: План расходов всего | B3: =B2*Настройки!$B$5
A4: Факт расходов всего | B4: =SUMIF(Расходы!$B:$B,$B$1,Расходы!$G:$G)
A5: Отклонение | B5: =B4-B3
A6: Валовая мастера | B6: =B2*Настройки!$B$4
A7: Чистая зарплата мастера | B7: =B6-B4
A8: Руб/м3 факт расходов | B8: =IF(B2=0,"",B4/B2)
A10: Статья | B10: План руб/м3 | C10: План сумма | D10: Факт сумма | E10: Отклонение | F10: %
A11: =Справочник_Статей!A2 | B11: =Справочник_Статей!C2 | C11: =$B$2*B11 | D11: =SUMIFS(Расходы!$G:$G,Расходы!$B:$B,$B$1,Расходы!$F:$F,$A11) | E11: =D11-C11 | F11: =IF(C11=0,"",D11/C11-1)
A12: =Справочник_Статей!A3 | B12: =Справочник_Статей!C3 | C12: =$B$2*B12 | D12: =SUMIFS(Расходы!$G:$G,Расходы!$B:$B,$B$1,Расходы!$F:$F,$A12) | E12: =D12-C12 | F12: =IF(C12=0,"",D12/C12-1)
A13: =Справочник_Статей!A4 | B13: =Справочник_Статей!C4 | C13: =$B$2*B13 | D13: =SUMIFS(Расходы!$G:$G,Расходы!$B:$B,$B$1,Расходы!$F:$F,$A13) | E13: =D13-C13 | F13: =IF(C13=0,"",D13/C13-1)
A14: =Справочник_Статей!A5 | B14: =Справочник_Статей!C5 | C14: =$B$2*B14 | D14: =SUMIFS(Расходы!$G:$G,Расходы!$B:$B,$B$1,Расходы!$F:$F,$A14) | E14: =D14-C14 | F14: =IF(C14=0,"",D14/C14-1)
A15: =Справочник_Статей!A6 | B15: =Справочник_Статей!C6 | C15: =$B$2*B15 | D15: =SUMIFS(Расходы!$G:$G,Расходы!$B:$B,$B$1,Расходы!$F:$F,$A15) | E15: =D15-C15 | F15: =IF(C15=0,"",D15/C15-1)
A16: =Справочник_Статей!A7 | B16: =Справочник_Статей!C7 | C16: =$B$2*B16 | D16: =SUMIFS(Расходы!$G:$G,Расходы!$B:$B,$B$1,Расходы!$F:$F,$A16) | E16: =D16-C16 | F16: =IF(C16=0,"",D16/C16-1)
A17: =Справочник_Статей!A8 | B17: =Справочник_Статей!C8 | C17: =$B$2*B17 | D17: =SUMIFS(Расходы!$G:$G,Расходы!$B:$B,$B$1,Расходы!$F:$F,$A17) | E17: =D17-C17 | F17: =IF(C17=0,"",D17/C17-1)
A18: =Справочник_Статей!A9 | B18: =Справочник_Статей!C9 | C18: =$B$2*B18 | D18: =SUMIFS(Расходы!$G:$G,Расходы!$B:$B,$B$1,Расходы!$F:$F,$A18) | E18: =D18-C18 | F18: =IF(C18=0,"",D18/C18-1)
A19: =Справочник_Статей!A10 | B19: =Справочник_Статей!C10 | C19: =$B$2*B19 | D19: =SUMIFS(Расходы!$G:$G,Расходы!$B:$B,$B$1,Расходы!$F:$F,$A19) | E19: =D19-C19 | F19: =IF(C19=0,"",D19/C19-1)
A20: Итого | B20: =SUM(B11:B19) | C20: =SUM(C11:C19) | D20: =SUM(D11:D19) | E20: =SUM(E11:E19) | F20: =IF(C20=0,"",D20/C20-1)

Sheet Свод_Мастер
A1: Период | B1: =Настройки!$B$9
A2: Мастер | B2: Объем | C2: Начислено | D2: Бригаде | E2: Мастеру валовая | F2: План расходов | G2: Факт расходов | H2: Отклонение | I2: Чистая зарплата | J2: Руб/м3 факт | K2: План зарплаты | L2: Отклонение зарплаты
A3: Мастер 1 | B3: =SUMIFS(Распиловка!$F:$F,Распиловка!$B:$B,$B$1,Распиловка!$D:$D,$A3) | C3: =B3*Настройки!$B$2 | D3: =B3*Настройки!$B$3 | E3: =B3*Настройки!$B$4 | F3: =B3*Настройки!$B$5 | G3: =SUMIFS(Расходы!$G:$G,Расходы!$B:$B,$B$1,Расходы!$D:$D,$A3) | H3: =G3-F3 | I3: =E3-G3 | J3: =IF(B3=0,"",I3/B3) | K3: =B3*Настройки!$B$6 | L3: =I3-K3
B4: =SUMIFS(Распиловка!$F:$F,Распиловка!$B:$B,$B$1,Распиловка!$D:$D,$A4) | C4: =B4*Настройки!$B$2 | D4: =B4*Настройки!$B$3 | E4: =B4*Настройки!$B$4 | F4: =B4*Настройки!$B$5 | G4: =SUMIFS(Расходы!$G:$G,Расходы!$B:$B,$B$1,Расходы!$D:$D,$A4) | H4: =G4-F4 | I4: =E4-G4 | J4: =IF(B4=0,"",I4/B4) | K4: =B4*Настройки!$B$6 | L4: =I4-K4
B5: =SUMIFS(Распиловка!$F:$F,Распиловка!$B:$B,$B$1,Распиловка!$D:$D,$A5) | C5: =B5*Настройки!$B$2 | D5: =B5*Настройки!$B$3 | E5: =B5*Настройки!$B$4 | F5: =B5*Настройки!$B$5 | G5: =SUMIFS(Расходы!$G:$G,Расходы!$B:$B,$B$1,Расходы!$D:$D,$A5) | H5: =G5-F5 | I5: =E5-G5 | J5: =IF(B5=0,"",I5/B5) | K5: =B5*Настройки!$B$6 | L5: =I5-K5
B6: =SUMIFS(Распиловка!$F:$F,Распиловка!$B:$B,$B$1,Распиловка!$D:$D,$A6) | C6: =B6*Настройки!$B$2 | D6: =B6*Настройки!$B$3 | E6: =B6*Настройки!$B$4 | F6: =B6*Настройки!$B$5 | G6: =SUMIFS(Расходы!$G:$G,Расходы!$B:$B,$B$1,Расходы!$D:$D,$A6) | H6: =G6-F6 | I6: =E6-G6 | J6: =IF(B6=0,"",I6/B6) | K6: =B6*Настройки!$B$6 | L6: =I6-K6
B7: =SUMIFS(Распиловка!$F:$F,Распиловка!$B:$B,$B$1,Распиловка!$D:$D,$A7) | C7: =B7*Настройки!$B$2 | D7: =B7*Настройки!$B$3 | E7: =B7*Настройки!$B$4 | F7: =B7*Настройки!$B$5 | G7: =SUMIFS(Расходы!$G:$G,Расходы!$B:$B,$B$1,Расходы!$D:$D,$A7) | H7: =G7-F7 | I7: =E7-G7 | J7: =IF(B7=0,"",I7/B7) | K7: =B7*Настройки!$B$6 | L7: =I7-K7
B8: =SUMIFS(Распиловка!$F:$F,Распиловка!$B:$B,$B$1,Распиловка!$D:$D,$A8) | C8: =B8*Настройки!$B$2 | D8: =B8*Настройки!$B$3 | E8: =B8*Настройки!$B$4 | F8: =B8*Настройки!$B$5 | G8: =SUMIFS(Расходы!$G:$G,Расходы!$B:$B,$B$1,Расходы!$D:$D,$A8) | H8: =G8-F8 | I8: =E8-G8 | J8: =IF(B8=0,"",I8/B8) | K8: =B8*Настройки!$B$6 | L8: =I8-K8
B9: =SUMIFS(Распиловка!$F:$F,Распиловка!$B:$B,$B$1,Распиловка!$D:$D,$A9) | C9: =B9*Настройки!$B$2 | D9: =B9*Настройки!$B$3 | E9: =B9*Настройки!$B$4 | F9: =B9*Настройки!$B$5 | G9: =SUMIFS(Расходы!$G:$G,Расходы!$B:$B,$B$1,Расходы!$D:$D,$A9) | H9: =G9-F9 | I9: =E9-G9 | J9: =IF(B9=0,"",I9/B9) | K9: =B9*Настройки!$B$6 | L9: =I9-K9
B10: =SUMIFS(Распиловка!$F:$F,Распиловка!$B:$B,$B$1,Распиловка!$D:$D,$A10) | C10: =B10*Настройки!$B$2 | D10: =B10*Настройки!$B$3 | E10: =B10*Настройки!$B$4 | F10: =B10*Настройки!$B$5 | G10: =SUMIFS(Расходы!$G:$G,Расходы!$B:$B,$B$1,Расходы!$D:$D,$A10) | H10: =G10-F10 | I10: =E10-G10 | J10: =IF(B10=0,"",I10/B10) | K10: =B10*Настройки!$B$6 | L10: =I10-K10
B11: =SUMIFS(Распиловка!$F:$F,Распиловка!$B:$B,$B$1,Распиловка!$D:$D,$A11) | C11: =B11*Настройки!$B$2 | D11: =B11*Настройки!$B$3 | E11: =B11*Настройки!$B$4 | F11: =B11*Настройки!$B$5 | G11: =SUMIFS(Расходы!$G:$G,Расходы!$B:$B,$B$1,Расходы!$D:$D,$A11) | H11: =G11-F11 | I11: =E11-G11 | J11: =IF(B11=0,"",I11/B11) | K11: =B11*Настройки!$B$6 | L11: =I11-K11
B12: =SUMIFS(Распиловка!$F:$F,Распиловка!$B:$B,$B$1,Распиловка!$D:$D,$A12) | C12: =B12*Настройки!$B$2 | D12: =B12*Настройки!$B$3 | E12: =B12*Настройки!$B$4 | F12: =B12*Настройки!$B$5 | G12: =SUMIFS(Расходы!$G:$G,Расходы!$B:$B,$B$1,Расходы!$D:$D,$A12) | H12: =G12-F12 | I12: =E12-G12 | J12: =IF(B12=0,"",I12/B12) | K12: =B12*Настройки!$B$6 | L12: =I12-K12
B13: =SUMIFS(Распиловка!$F:$F,Распиловка!$B:$B,$B$1,Распиловка!$D:$D,$A13) | C13: =B13*Настройки!$B$2 | D13: =B13*Настройки!$B$3 | E13: =B13*Настройки!$B$4 | F13: =B13*Настройки!$B$5 | G13: =SUMIFS(Расходы!$G:$G,Расходы!$B:$B,$B$1,Расходы!$D:$D,$A13) | H13: =G13-F13 | I13: =E13-G13 | J13: =IF(B13=0,"",I13/B13) | K13: =B13*Настройки!$B$6 | L13: =I13-K13
B14: =SUMIFS(Распиловка!$F:$F,Распиловка!$B:$B,$B$1,Распиловка!$D:$D,$A14) | C14: =B14*Настройки!$B$2 | D14: =B14*Настройки!$B$3 | E14: =B14*Настройки!$B$4 | F14: =B14*Настройки!$B$5 | G14: =SUMIFS(Расходы!$G:$G,Расходы!$B:$B,$B$1,Расходы!$D:$D,$A14) | H14: =G14-F14 | I14: =E14-G14 | J14: =IF(B14=0,"",I14/B14) | K14: =B14*Настройки!$B$6 | L14: =I14-K14
B15: =SUMIFS(Распиловка!$F:$F,Распиловка!$B:$B,$B$1,Распиловка!$D:$D,$A15) | C15: =B15*Настройки!$B$2 | D15: =B15*Настройки!$B$3 | E15: =B15*Настройки!$B$4 | F15: =B15*Настройки!$B$5 | G15: =SUMIFS(Расходы!$G:$G,Расходы!$B:$B,$B$1,Расходы!$D:$D,$A15) | H15: =G15-F15 | I15: =E15-G15 | J15: =IF(B15=0,"",I15/B15) | K15: =B15*Настройки!$B$6 | L15: =I15-K15
... B100: =SUMIFS(Распиловка!$F:$F,Распиловка!$B:$B,$B$1,Распиловка!$D:$D,$A100) | C100: =B100*Настройки!$B$2 | D100: =B100*Настройки!$B$3 | E100: =B100*Настройки!$B$4 | F100: =B100*Настройки!$B$5 | G100: =SUMIFS(Расходы!$G:$G,Расходы!$B:$B,$B$1,Расходы!$D:$D,$A100) | H100: =G100-F100 | I100: =E100-G100 | J100: =IF(B100=0,"",I100/B100) | K100: =B100*Настройки!$B$6 | L100: =I100-K100
A101: Итого | B101: =SUM(B3:B100) | C101: =SUM(C3:C100) | D101: =SUM(D3:D100) | E101: =SUM(E3:E100) | F101: =SUM(F3:F100) | G101: =SUM(G3:G100) | H101: =SUM(H3:H100) | I101: =SUM(I3:I100) | ... L101: =SUM(L3:L100)

Sheet Свод_Период
A1: Период | B1: =Настройки!$B$9
A2: Показатель | B2: Значение
A3: Объем | B3: =SUMIF(Распиловка!$B:$B,$B$1,Распиловка!$F:$F)
A4: Начислено всего | B4: =B3*Настройки!$B$2
A5: Бригаде | B5: =B3*Настройки!$B$3
A6: Мастеру валовая | B6: =B3*Настройки!$B$4
A7: План расходов | B7: =B3*Настройки!$B$5
A8: Факт расходов | B8: =SUMIF(Расходы!$B:$B,$B$1,Расходы!$G:$G)
A9: Отклонение расходов | B9: =B8-B7
A10: Чистая зарплата мастера | B10: =B6-B8
A11: Руб/м3 факт расходов | B11: =IF(B3=0,"",B8/B3)
A12: Руб/м3 чистая мастера | B12: =IF(B3=0,"",B10/B3)
A13: Проверка: сумма по мастерам | B13: =SUM(Свод_Мастер!I3:I100)
A14: Расхождение | B14: =B10-B13

Sheet Приход_Пиломатериала
A1: Дата | B1: № Акта | C1: Товар | D1: Объем_м3
A2: 46287 | B2: 9 | C2: Доска ель 50x250x6000 | D2: 1.425
A3: 46287 | B3: 9 | C3: Доска ель 50x220x6000 | D3: 0.594
A4: 46287 | B4: 9 | C4: Доска ель 50x200x6000 | D4: 0.6
A5: 46287 | B5: 9 | C5: Доска ель 50x180x6000 | D5: 0.216
A6: 46287 | B6: 9 | C6: Доска ель 50x150x6000 | D6: 0.09
A7: 46287 | B7: 9 | C7: Доска ель 50x120x6000 | D7: 0.036
A8: 46287 | B8: 9 | C8: Доска ель 22x150x6000 | D8: 0.3564
A9: 46287 | B9: 9 | C9: Доска ель 22x120x6000 | D9: 0.0792
A10: 46287 | B10: 9 | C10: Доска ель 22x100x6000 | D10: 0.0792
A11: 46287 | B11: 9 | C11: Доска ель 22x150x4000 | D11: 0.1716
A12: 46287 | B12: 9 | C12: Доска ель 22x120x4000 | D12: 0.0106
A13: 46287 | B13: 9 | C13: Доска ель 22x100x4000 | D13: 0.0264
... A69: 46290 | B69: 12 | C69: Доска ель 22x100x3000 | D69: 0.0132
A70: Итого | D70: =SUM(D2:D69)

Sheet Списание_Сырья
A1: Дата | B1: № Акта | C1: Наименование | D1: Объем_м3
A2: 46287 | B2: 4 | C2: Бревна еловые, диаметр 24 см | D2: 0.66
A3: 46287 | B3: 4 | C3: Бревна еловые, диаметр 26 см | D3: 0.39
A4: 46287 | B4: 4 | C4: Бревна еловые, диаметр 28 см | D4: 0.45
A5: 46287 | B5: 4 | C5: Бревна еловые, диаметр 32 см | D5: 1.77
A6: 46287 | B6: 4 | C6: Бревна еловые, диаметр 34 см | D6: 0.66
A7: 46287 | B7: 4 | C7: Бревна еловые, диаметр 36 см | D7: 0.74
A8: 46287 | B8: 4 | C8: Бревна еловые, диаметр 44 см | D8: 1.09
A9: 46288 | B9: 5 | C9: Бревна еловые, диаметр 20 см | D9: 0.46
A10: 46288 | B10: 5 | C10: Бревна еловые, диаметр 22 см | D10: 0.56
A11: 46288 | B11: 5 | C11: Бревна еловые, диаметр 26 см | D11: 2.73
A12: 46288 | B12: 5 | C12: Бревна еловые, диаметр 28 см | D12: 0.9
A13: 46288 | B13: 5 | C13: Бревна еловые, диаметр 30 см | D13: 3.64
... A32: 46290 | B32: 7 | C32: Бревна еловые, диаметр 36 см | D32: 1.48
A33: Итого | D33: =SUM(D2:D32)

Sheet Отгрузка_ГП
A1: Дата | B1: № Акта | C1: Получатель | D1: Товар | E1: Кол-во_шт | F1: Объем_м3
A2: 46290 | B2: 1 | C2: г. Соликамск | D2: Доска ель 50x250x6000 | E2: 134 | F2: 10.05
A3: 46290 | B3: 1 | C3: г. Соликамск | D3: Доска ель 50x220x6000 | E3: 140 | F3: 9.24
A4: 46290 | B4: 1 | C4: г. Соликамск | D4: Доска ель 50x200x6000 | E4: 86 | F4: 5.16
A5: 46290 | B5: 1 | C5: г. Соликамск | D5: Доска ель 50x150x6000 | E5: 69 | F5: 3.105
A6: 46290 | B6: 1 | C6: г. Соликамск | D6: Доска ель 50x120x6000 | E6: 67 | F6: 2.412
A7: Итого | E7: =SUM(E2:E6) | F7: =SUM(F2:F6)

Sheet Остатки_ГП
A1: Дата_описи | B1: Товар | C1: Кол-во_шт | D1: Объем_м3
A3: Итого | C3: =SUM(C2:C2) | D3: =SUM(D2:D2)

Sheet Баланс_Склад
A1: Баланс склада готовой продукции
A3: Товар | B3: Входящий остаток на 22.09, м3 (ввести вручную) | C3: Приход, м3 | D3: Отгрузка, м3 | E3: Остаток по описи (факт), м3 | F3: Остаток расчётный (Вход.+Приход-Отгрузка), м3 | G3: Расхождение (Расчётный-Факт), м3 | H3: Комментарий
A4: Доска ель 50x250x6000 | B4: 0 | C4: =SUMIF(Приход_Пиломатериала!$C:$C,$A4,Приход_Пиломатериала!$D:$D) | D4: =SUMIF(Отгрузка_ГП!$D:$D,$A4,Отгрузка_ГП!$F:$F) | E4: =SUMIF(Остатки_ГП!$B:$B,$A4,Остатки_ГП!$D:$D) | F4: =B4+C4-D4 | G4: =F4-E4 | H4: =IF(AND(D4=0,E4=0),"нет данных по отгрузке/остатку",IF(ROUND(G4,3)=0,"сходится",IF(G4>0,"недостача - к списанию","излишек - к оприходованию")))
A5: Доска ель 50x220x6000 | B5: 0 | C5: =SUMIF(Приход_Пиломатериала!$C:$C,$A5,Приход_Пиломатериала!$D:$D) | D5: =SUMIF(Отгрузка_ГП!$D:$D,$A5,Отгрузка_ГП!$F:$F) | E5: =SUMIF(Остатки_ГП!$B:$B,$A5,Остатки_ГП!$D:$D) | F5: =B5+C5-D5 | G5: =F5-E5 | H5: =IF(AND(D5=0,E5=0),"нет данных по отгрузке/остатку",IF(ROUND(G5,3)=0,"сходится",IF(G5>0,"недостача - к списанию","излишек - к оприходованию")))
A6: Доска ель 50x200x6000 | B6: 0 | C6: =SUMIF(Приход_Пиломатериала!$C:$C,$A6,Приход_Пиломатериала!$D:$D) | D6: =SUMIF(Отгрузка_ГП!$D:$D,$A6,Отгрузка_ГП!$F:$F) | E6: =SUMIF(Остатки_ГП!$B:$B,$A6,Остатки_ГП!$D:$D) | F6: =B6+C6-D6 | G6: =F6-E6 | H6: =IF(AND(D6=0,E6=0),"нет данных по отгрузке/остатку",IF(ROUND(G6,3)=0,"сходится",IF(G6>0,"недостача - к списанию","излишек - к оприходованию")))
A7: Доска ель 50x180x6000 | B7: 0 | C7: =SUMIF(Приход_Пиломатериала!$C:$C,$A7,Приход_Пиломатериала!$D:$D) | D7: =SUMIF(Отгрузка_ГП!$D:$D,$A7,Отгрузка_ГП!$F:$F) | E7: =SUMIF(Остатки_ГП!$B:$B,$A7,Остатки_ГП!$D:$D) | F7: =B7+C7-D7 | G7: =F7-E7 | H7: =IF(AND(D7=0,E7=0),"нет данных по отгрузке/остатку",IF(ROUND(G7,3)=0,"сходится",IF(G7>0,"недостача - к списанию","излишек - к оприходованию")))
A8: Доска ель 50x150x6000 | B8: 0 | C8: =SUMIF(Приход_Пиломатериала!$C:$C,$A8,Приход_Пиломатериала!$D:$D) | D8: =SUMIF(Отгрузка_ГП!$D:$D,$A8,Отгрузка_ГП!$F:$F) | E8: =SUMIF(Остатки_ГП!$B:$B,$A8,Остатки_ГП!$D:$D) | F8: =B8+C8-D8 | G8: =F8-E8 | H8: =IF(AND(D8=0,E8=0),"нет данных по отгрузке/остатку",IF(ROUND(G8,3)=0,"сходится",IF(G8>0,"недостача - к списанию","излишек - к оприходованию")))
A9: Доска ель 50x120x6000 | B9: 0 | C9: =SUMIF(Приход_Пиломатериала!$C:$C,$A9,Приход_Пиломатериала!$D:$D) | D9: =SUMIF(Отгрузка_ГП!$D:$D,$A9,Отгрузка_ГП!$F:$F) | E9: =SUMIF(Остатки_ГП!$B:$B,$A9,Остатки_ГП!$D:$D) | F9: =B9+C9-D9 | G9: =F9-E9 | H9: =IF(AND(D9=0,E9=0),"нет данных по отгрузке/остатку",IF(ROUND(G9,3)=0,"сходится",IF(G9>0,"недостача - к списанию","излишек - к оприходованию")))
A10: Доска ель 22x150x6000 | B10: 0 | C10: =SUMIF(Приход_Пиломатериала!$C:$C,$A10,Приход_Пиломатериала!$D:$D) | D10: =SUMIF(Отгрузка_ГП!$D:$D,$A10,Отгрузка_ГП!$F:$F) | E10: =SUMIF(Остатки_ГП!$B:$B,$A10,Остатки_ГП!$D:$D) | F10: =B10+C10-D10 | G10: =F10-E10 | H10: =IF(AND(D10=0,E10=0),"нет данных по отгрузке/остатку",IF(ROUND(G10,3)=0,"сходится",IF(G10>0,"недостача - к списанию","излишек - к оприходованию")))
A11: Доска ель 22x120x6000 | B11: 0 | C11: =SUMIF(Приход_Пиломатериала!$C:$C,$A11,Приход_Пиломатериала!$D:$D) | D11: =SUMIF(Отгрузка_ГП!$D:$D,$A11,Отгрузка_ГП!$F:$F) | E11: =SUMIF(Остатки_ГП!$B:$B,$A11,Остатки_ГП!$D:$D) | F11: =B11+C11-D11 | G11: =F11-E11 | H11: =IF(AND(D11=0,E11=0),"нет данных по отгрузке/остатку",IF(ROUND(G11,3)=0,"сходится",IF(G11>0,"недостача - к списанию","излишек - к оприходованию")))
A12: Доска ель 22x100x6000 | B12: 0 | C12: =SUMIF(Приход_Пиломатериала!$C:$C,$A12,Приход_Пиломатериала!$D:$D) | D12: =SUMIF(Отгрузка_ГП!$D:$D,$A12,Отгрузка_ГП!$F:$F) | E12: =SUMIF(Остатки_ГП!$B:$B,$A12,Остатки_ГП!$D:$D) | F12: =B12+C12-D12 | G12: =F12-E12 | H12: =IF(AND(D12=0,E12=0),"нет данных по отгрузке/остатку",IF(ROUND(G12,3)=0,"сходится",IF(G12>0,"недостача - к списанию","излишек - к оприходованию")))
A13: Доска ель 22x150x4000 | B13: 0 | C13: =SUMIF(Приход_Пиломатериала!$C:$C,$A13,Приход_Пиломатериала!$D:$D) | D13: =SUMIF(Отгрузка_ГП!$D:$D,$A13,Отгрузка_ГП!$F:$F) | E13: =SUMIF(Остатки_ГП!$B:$B,$A13,Остатки_ГП!$D:$D) | F13: =B13+C13-D13 | G13: =F13-E13 | H13: =IF(AND(D13=0,E13=0),"нет данных по отгрузке/остатку",IF(ROUND(G13,3)=0,"сходится",IF(G13>0,"недостача - к списанию","излишек - к оприходованию")))
A14: Доска ель 22x120x4000 | B14: 0 | C14: =SUMIF(Приход_Пиломатериала!$C:$C,$A14,Приход_Пиломатериала!$D:$D) | D14: =SUMIF(Отгрузка_ГП!$D:$D,$A14,Отгрузка_ГП!$F:$F) | E14: =SUMIF(Остатки_ГП!$B:$B,$A14,Остатки_ГП!$D:$D) | F14: =B14+C14-D14 | G14: =F14-E14 | H14: =IF(AND(D14=0,E14=0),"нет данных по отгрузке/остатку",IF(ROUND(G14,3)=0,"сходится",IF(G14>0,"недостача - к списанию","излишек - к оприходованию")))
A15: Доска ель 22x100x4000 | B15: 0 | C15: =SUMIF(Приход_Пиломатериала!$C:$C,$A15,Приход_Пиломатериала!$D:$D) | D15: =SUMIF(Отгрузка_ГП!$D:$D,$A15,Отгрузка_ГП!$F:$F) | E15: =SUMIF(Остатки_ГП!$B:$B,$A15,Остатки_ГП!$D:$D) | F15: =B15+C15-D15 | G15: =F15-E15 | H15: =IF(AND(D15=0,E15=0),"нет данных по отгрузке/остатку",IF(ROUND(G15,3)=0,"сходится",IF(G15>0,"недостача - к списанию","излишек - к оприходованию")))
... A25: Доска ель 22x150x3000 | B25: 0 | C25: =SUMIF(Приход_Пиломатериала!$C:$C,$A25,Приход_Пиломатериала!$D:$D) | D25: =SUMIF(Отгрузка_ГП!$D:$D,$A25,Отгрузка_ГП!$F:$F) | E25: =SUMIF(Остатки_ГП!$B:$B,$A25,Остатки_ГП!$D:$D) | F25: =B25+C25-D25 | G25: =F25-E25 | H25: =IF(AND(D25=0,E25=0),"нет данных по отгрузке/остатку",IF(ROUND(G25,3)=0,"сходится",IF(G25>0,"недостача - к списанию","излишек - к оприходованию")))
A26: Итого | B26: =SUM(B4:B25) | C26: =SUM(C4:C25) | D26: =SUM(D4:D25) | E26: =SUM(E4:E25) | F26: =SUM(F4:F25) | G26: =SUM(G4:G25)
A29: Баланс сырья и выход пиломатериала (по датам)
A31: Дата | B31: Списано сырья, м3 | C31: Оприходовано досок, м3 | D31: Выход пиломатериала, %
A32: 46287 | B32: =SUMIF(Списание_Сырья!$A:$A,$A32,Списание_Сырья!$D:$D) | C32: =SUMIF(Приход_Пиломатериала!$A:$A,$A32,Приход_Пиломатериала!$D:$D) | D32: =IF(B32=0,"",C32/B32)
A33: 46288 | B33: =SUMIF(Списание_Сырья!$A:$A,$A33,Списание_Сырья!$D:$D) | C33: =SUMIF(Приход_Пиломатериала!$A:$A,$A33,Приход_Пиломатериала!$D:$D) | D33: =IF(B33=0,"",C33/B33)
A34: 46289 | B34: =SUMIF(Списание_Сырья!$A:$A,$A34,Списание_Сырья!$D:$D) | C34: =SUMIF(Приход_Пиломатериала!$A:$A,$A34,Приход_Пиломатериала!$D:$D) | D34: =IF(B34=0,"",C34/B34)
A35: 46290 | B35: =SUMIF(Списание_Сырья!$A:$A,$A35,Списание_Сырья!$D:$D) | C35: =SUMIF(Приход_Пиломатериала!$A:$A,$A35,Приход_Пиломатериала!$D:$D) | D35: =IF(B35=0,"",C35/B35)
A36: Итого | B36: =SUM(B32:B35) | C36: =SUM(C32:C35) | D36: =IF(B36=0,"",C36/B36)
